<?xml version="1.0" encoding="UTF-8"?>
<project-private xmlns="http://www.netbeans.org/ns/project-private/1">
    <editor-bookmarks xmlns="http://www.netbeans.org/ns/editor-bookmarks/2" lastBookmarkId="0"/>
    <open-files xmlns="http://www.netbeans.org/ns/projectui-open-files/2">
        <group>
            <file>file:/C:/Users/PC%20PRAKTIKUM/Documents/NetBeansProjects/123220111_Reponsi_G/src/DAOImplement/datahewanImplement.java</file>
            <file>file:/C:/Users/PC%20PRAKTIKUM/Documents/NetBeansProjects/123220111_Reponsi_G/src/DAOdatahewan/datahewanDAO.java</file>
            <file>file:/C:/Users/PC%20PRAKTIKUM/Documents/NetBeansProjects/123220111_Reponsi_G/src/koneksi/connector.java</file>
            <file>file:/C:/Users/PC%20PRAKTIKUM/Documents/NetBeansProjects/123220111_Reponsi_G/src/crud/model/datahewan.java</file>
            <file>file:/C:/Users/PC%20PRAKTIKUM/Documents/NetBeansProjects/123220111_Reponsi_G/src/crud/model/modeldatahewan.java</file>
            <file>file:/C:/Users/PC%20PRAKTIKUM/Documents/NetBeansProjects/123220111_Reponsi_G/src/crud/controller/datahewanController.java</file>
            <file>file:/C:/Users/PC%20PRAKTIKUM/Documents/NetBeansProjects/123220111_Reponsi_G/src/crud/view/MainView.java</file>
        </group>
    </open-files>
</project-private>
